100,1,,,,,,,,,,,,,
-1.010493639167353,-1.249254962455731,-1.2099769372417923,-1.1508794620594418,-1.408657121768033,-1.1846668805415888,-1.257351781743253,-0.3721862897916442,0.8392247191416237,0.3484046914888607,0.5264418458606951,0.6984795326896651,0.0121905589831753,1.1463084847475695,1.8312106560264787
-0.8923456888946512,-1.1660319981630662,-0.637310911491617,-1.9282975658851085,0.0697976749989365,-0.5873037084556008,-1.3360561791023025,0.5926528864031472,0.123632176709357,0.9811265782834292,-0.51033649240501,-1.075563047250254,-0.3211803025638152,-0.7049275297530208,-0.1267647219599242
1.6956019336890904,0.4672659824249505,0.4204633927961388,-0.780423343808048,1.309031310333363,-0.6354321259635861,0.1609523175543443,2.363078854387894,1.1202970284427194,0.3942476276768893,0.403102351470337,0.2507553282264801,0.66548721489619,0.7467639441859071,-0.1628490896592198
1.0268650681340408,0.7657501428383895,0.7375503551957053,1.32420976079469,-0.9233395529150444,-1.890283607495936,-1.201286530300357,-0.2363976760646543,-0.0387404831180297,-0.4646463102043514,-0.3432805644851582,-0.5397265534187954,0.7564508777036788,0.5692784780232432,-0.4687126043541624
-1.0850031558773912,-1.105283486933004,-1.194633509236729,-1.0818611236429374,-1.13602751159862,-1.2160557836038763,-1.254429978866428,0.7086632720172,-0.6019609266014101,-0.3458681621507013,-0.3716868160215992,-0.2545104590659467,1.2241842827851133,1.138388125513358,1.2024263609843255
-0.7093181223097069,-0.7359329813702377,-0.6696954644664695,-0.6646343710795878,-0.891216851202454,-0.8320909203738686,-0.7668466760012242,1.7184858706855834,-0.4607434806152004,-0.7909669791526974,-0.6128206848768585,-0.5774113551262483,-0.4035234020668644,1.6253215421200835,-0.4910785966069109
-1.1413272749341363,-1.0775965048390816,-1.1915327909335232,-1.1508247692962272,-0.8551655301846823,-0.9324719418386416,-1.0559468106752992,-0.3736974950586454,0.672071543398434,1.248669392051339,0.9118920840637212,0.3973493551641996,-0.5593797855318915,2.0477677887235974,1.5647985999434804
-1.2353061421845992,-1.064285092318173,-1.1661710821612596,-1.3070376936523034,-0.8855914780577818,-1.0586700000465812,-1.0875617942561766,-0.2520022156466941,0.5980228084822419,0.1628618518017467,0.1912945352606955,0.6001547212525257,0.7369764039177925,1.3002277612314166,1.531134431137097
-0.8695721831111627,-1.3820043024096431,-1.261363007986768,-1.2049854678139174,-0.9545316922429644,-0.912024302700309,-0.9400515700912232,-0.5705397795703675,-0.1631127560987708,0.032910246883909,0.4850791702679781,0.4811611480366731,0.8292915927191449,1.0078657195498222,1.1403233410025784
-0.5916618765993527,-0.7136369971209595,-0.7178464250132163,-0.7526547289414656,-0.6332610990361868,-0.6624629596466649,-0.6770974415879817,-0.372405068156401,-0.5477661187059408,-0.6918798650982232,-0.2500937753714699,-0.5497168752831587,2.101479625448076,-0.483078337093255,1.3415458372328304
0.1773063683848137,0.4232528032335469,0.5458778698529562,0.5391026764376553,0.384448282188945,0.7782992763195944,0.8530770819208287,1.0811524142605566,1.0971617508390714,1.1552707728596012,0.0784357825312748,0.0421852166594779,-1.7740077835182075,0.127850215179445,-1.1477267314856454
0.3739281287865462,0.4447583563299629,0.2712642260058473,0.3466517842205112,0.5954719938042027,0.1372492912437157,-0.0239840575774105,1.4083454696935314,0.0578809166111386,-0.1916105258482448,-0.1333265376175288,-0.2023408864468849,-1.712078108643945,1.3071470151742464,-1.3659568412924052
0.8138164177765949,0.6370132972080057,0.9277172982505776,1.5271105017003532,0.7391721799208314,1.0447155449329515,0.9707179029274372,-0.2117526213394528,1.1010200645921362,0.4249594611150488,0.2215548323180139,0.4359285899536271,-2.0326105806478036,0.3516901877373611,-1.1351381716059368
-0.77512887811332,-0.7476826664988488,-0.7905681543315469,-0.7659680276002014,-0.9512500678414084,-0.8610484010132526,-0.873327184645728,1.6786226388779892,-0.3161298346306149,-0.6558085755499601,-0.6938759094131428,-0.737579102863892,0.1199375780010083,1.7773612631074684,-0.5777654072264357
0.4658786028589879,0.5563669220370346,0.7514029688506434,0.7140511198871848,0.8185958191463001,0.393536779410702,0.0895007914224058,0.0330949320589991,0.3080610158727818,0.442572766029448,0.6006292545668628,0.2030949121380237,-1.9485558472194595,0.4725269700001605,-1.3172914112107508
-0.5761082555757797,-0.7126068905656157,-0.6917800982465127,-0.7912863160684845,-0.5103016830533209,-0.8560093902498572,-0.7946825787367247,-0.2453652261997971,-0.6504992372763267,-0.2858543569095286,-0.4757605127276401,-0.3993089456111729,2.3017174648240286,-0.4565415580600116,0.8188744676075194
0.7054703630725916,0.6749966108912454,0.776330923486379,1.5260997725625238,0.1417293434462372,0.7180483039610212,0.3785540687058765,0.0454008587288334,0.4322079935816175,0.2104232297513803,0.1870196160115148,-0.2624425816445436,-1.7052246961464026,0.030485282657793,-1.1932625564284025
0.2900161421062445,0.6645487481312721,0.8353676431884467,0.5263116712398976,0.3491649940063344,0.5615164193482596,0.5082244328438861,0.5351399064166539,-0.1952665247606489,0.3675879035858845,0.2318066355222861,-0.2228130707425107,-1.847795189643633,0.3830546322241684,-1.3441951552917375
-1.1162818173590354,-0.9037132289037052,-0.96087909428484,-0.6484184449801077,-0.6583109366157655,-0.5798479258576572,-0.5864980015339492,-0.905663676721968,0.9378217172542558,1.4974275956153702,1.3844435076434285,0.7805533842572806,-0.7263620238342303,1.0695564196941296,1.3943408139241704
-0.8968620246965616,-1.0673671501346844,-1.055307875275029,-0.7305384329466015,-0.4847096350988169,-0.3848260406306062,-0.4622648731430535,-1.014655990130612,1.368041347989531,1.531450109054319,0.9585973219509092,1.1279264798052655,-0.8304583002940847,1.090421043273092,1.2719567359153443
-1.073223536372372,-0.8062148471831929,-0.8871008856716261,-0.7030649149985579,-0.5783752272209116,-0.4566660376937868,-0.3539511565651674,-1.042532714252704,1.5306419474041433,1.968775517826108,1.2714679656755057,1.140607047595726,-0.7474238622235848,1.2000387668726864,1.1576138306087602
1.2382251867710437,0.5564954553392328,0.5655744099179498,0.2112108506757755,0.5195014273383181,0.6152867881642612,0.4533526047367863,0.2929232347956901,0.6200965967554218,0.486063590022352,0.8139141879850144,0.6970955146276229,-2.295387229487603,0.7310707539223598,-1.459961406559728
-0.9589154784943124,-0.9028207540429536,-0.9003139058702777,-0.9409908083264829,-0.5933921754658981,-0.5580966232995219,-0.5055979476934308,-1.035320535773003,1.131705043845041,1.2142050866348253,1.1204124122239816,1.5273563827574117,-0.8511144351488642,1.49779526946147,0.7529350520016251
-0.6414008688273436,-0.7143990657121995,-0.7531084899046656,-0.7173167983400459,-0.7073003078848293,-0.7615919974544444,-0.853430658937834,-0.623381498178928,-0.5025478544149377,-0.5580620176633,-0.041202016009359,0.0157484044536615,1.8170138269961784,-0.3641632742731325,1.435451782577684
-0.9119186275143488,-1.03951309811016,-0.971779286444858,-0.7269952965361292,-0.3776500531161908,-0.635223445309134,-0.7157029479849507,-0.9360025679183384,0.936870986452212,1.1692184588081045,1.8125332884182948,1.3400360689347546,-0.7209237129789974,1.3585381053756913,0.7356422202053178
-1.1199577333573718,-0.844770685140037,-0.9283641488974066,-0.6488550840684725,-0.5435876948566242,-0.4972282207871051,-0.5341912834318596,-1.133840585179135,1.351499602888929,1.4878495301235075,1.3595854733510486,1.213737193403723,-0.7486976805357805,1.1672398385119735,1.0444377162067022
-1.0281980939530793,-0.8661505716724736,-0.8167334681755933,-0.3566116896946792,-0.4194530729055266,-0.3796911984580459,-0.201262547908393,-0.8779548672997487,1.5050978308620946,1.2361424488167,0.9968033319508404,1.3929852147847648,-0.7368702058030159,0.7690980209020477,0.910424100044925
-0.6557875905572791,-0.7958878230921506,-0.784800253513628,-0.8385379973179775,-0.8894202481448238,-0.7506969394576192,-0.800390943056108,2.533869837801521,-0.4917095472605923,-0.6804251246317892,-0.7158366797159306,-0.698592079225659,0.2095281046772233,1.6330543926433971,-0.5830924705134872
-0.7985774491094607,-0.7693877646508559,-0.7613860203542705,-0.5415544149803125,-0.829025275820067,-0.8965910185181235,-0.7974052908978292,-0.4727724029646654,-0.5399977338096318,-0.3338580378577986,-0.3192574900756863,-0.2945747297788121,2.305565657669488,-0.5221720382093631,1.182420309145482
-0.7818134641184422,-0.5853106417260292,-0.6949000936476233,-0.7862419225479642,-0.9697904031832544,-0.8972030260047686,-0.8086840126960065,1.623479745772336,-0.357386967454316,-0.6326558236444598,-0.6551935367122086,-0.6047391697010166,-0.0335914098702606,2.042698384587261,-0.7022838224725803
-1.1138917844389924,-0.9141408155029184,-0.9094556760332004,-0.8198018738147875,-0.2956734096824975,-0.3139795644517889,-0.3444957918258968,-0.9806111432874292,1.1813660892059754,1.7642420805787495,1.4278313132920697,1.1372698457227932,-0.5806923266751951,0.9152119211163504,0.8362858534395462
-1.1073922684437814,-0.8019224369957615,-0.8747228436419991,-0.653423507068556,-0.5796905707512054,-0.4074147053539312,-0.3794274645627202,-1.0490468733553917,1.5154842333812524,1.1609780628336188,1.0685910425820686,1.184772960631176,-0.7766007399486391,1.352540751333044,1.6008141368696598
-1.0390041501167226,-0.9566831618470358,-0.9494622751515732,-0.6377867929802333,-0.5320681266535678,-0.3418176911177428,-0.3748151019908176,-1.0773890780694622,0.801194094503751,1.703216417191952,1.6555323884914772,1.469876164701939,-0.6875250620309533,1.1242580949282328,1.1454422605938004
-1.033413158874108,-0.8170194643653467,-0.8649868380967868,-0.6532414003988827,-0.4747956670193237,-0.5231697598149787,-0.4338175198543004,-0.9840203508080984,0.9784978717753032,1.771410705880532,1.8296684885593808,1.0724220951403514,-0.7868164569200725,1.258433457614752,1.5101765846018922
1.1626446662755985,0.7342308781912626,0.8240072883143982,0.2032222460145181,0.4003961860011792,0.507234014811565,0.5130295364128171,0.1530017557832743,0.6509985731238864,0.3240762314873053,0.1114002592317284,-0.0940608656996356,-1.9100342665216832,0.7975222333873729,-1.5220571370888718
0.8410388906925219,0.6674807069587273,0.623016660359836,0.7678197272693296,1.1570917601161734,0.8553468969292349,0.6787640600963349,-1.6708793095572998,0.5221596503654914,0.3742130136975285,0.5528005100480339,0.4013123727524046,0.1830334768315765,-1.6827432208554844,1.0888160366580686
-1.1965216975934296,-1.3700006264656268,-1.377296019619178,-1.282586495177742,-1.087276481515265,-1.0250208436217494,-0.8685583808224728,0.3804914010630384,0.097521424770946,-0.2190891873902466,0.2341333404306919,0.1469336978594774,0.8752134766703096,1.6373476592717064,0.9670275251759096
0.7739594539110404,0.8534858867380659,0.9391921165821489,0.8574741194282637,1.0356048740889474,0.4705958832613183,0.6135175441304839,0.2945024141322329,0.1299773795698993,0.3111900807263385,0.2226134422960333,0.1344654782127135,-1.8629475493803769,0.2297289083466715,-1.717282877061195
0.6203576220898357,0.5070478515322268,0.1748762015635889,0.7860999700103152,0.0649545007841685,1.3367806345412767,2.038170566008283,-0.0825392636819961,0.2822301508779934,1.764990914708635,0.1017863819314638,-0.9435415682970252,0.7805790425369501,0.0600119079586137,0.0154404650161599
-1.6359578059337738,-1.6218143087812602,-1.622548927016279,-1.042038799849996,0.1815400344093508,-0.0837315655655432,-0.0413148817890293,-0.3622269248885221,0.8556576224883231,1.1325849524611344,1.5099601887485827,0.9672442402642144,-0.3344302619241568,1.3325452534944835,1.486897785338858
0.3408443491766634,0.6888502943355423,0.6778098753890848,0.8834060402935638,0.5037656630931983,0.6799324002901864,0.3561539338628344,0.344009541186499,1.2903598755604295,0.307630397599963,-0.1979307784029438,0.129765447731921,-1.8668128616589343,0.2582792518744088,-1.0876229486525804
0.4741791760802236,-0.2590743393709431,0.1091208042017074,0.0571619520579779,0.6702255159552677,-0.2292715116205951,0.0880432579007343,2.430109612050662,-0.0816326057320558,1.1136971359998964,0.2024622642889211,0.1809420029754473,-1.231727625712109,1.887183191646783,-1.4040425604827933
-1.1450911884527222,-0.932691805369844,-0.9481595579594748,-0.6985180624417461,-0.5934808317987127,-0.7831285649727032,-0.6887694508397044,-0.9349850473505474,1.0072106195403694,1.552688690985937,1.799486221937033,1.0435856550342524,-1.0214544068719082,1.1175603859015293,1.4804356232537668
0.73260254397139,0.9012697352541305,0.9635873321167032,1.2213424877871617,0.9456898125311096,0.8613313354145123,0.5287127699042408,0.3410625405679055,0.3272896456811088,0.7829632695824054,0.0074534053318385,0.281124067574696,-1.9155901307729497,0.0995408383423599,-1.2822028009321822
-0.758045199399689,-0.796977948311931,-0.717871957800423,-0.7169771001941997,-0.9256541962702124,-0.8431890559612543,-0.8614120024167051,2.078559087359178,-0.228019288618382,-0.7879075170216465,-0.6357487328191814,-0.5087272813215303,-0.3833721780678638,1.4151935596613152,-0.6917981654480543
-0.6531163226485611,-0.8240278631572249,-1.0573196960731348,-0.2256818674963223,0.7665397882956381,-0.3016296693259753,0.7909865932646112,-0.2336869397134272,-0.6298368738200265,-0.3048714514092611,-0.6166263496106504,-1.279882179306171,1.0100869139955768,-0.7014639440063912,0.2201505192873724
-1.1291757662488078,-0.8344122173683263,-0.8680163161430989,-0.616882738625171,-0.4333854504768112,-0.6389586769066434,-0.781408680151486,-1.0758989335820397,0.7900224216805453,1.4572915649137896,0.8399417287747561,0.7684938465934573,-0.8866737106679308,1.3250188403857743,1.5414932470453178
-1.6989415642653691,-1.6322617211394843,-1.6726434960407506,-0.9430523770260828,0.0214036194033114,-0.232535902042981,-0.1427606943245369,-0.0609618469155209,0.9813334321401214,1.7304398650081334,1.6954922227143223,1.3924646473337687,-0.0065076458505341,1.0754652097608697,1.1525816926118548
0.0535274234746884,0.9757604889213216,0.909451032499023,0.8497352752742987,0.5216262525899639,-0.1679769645021571,-0.3606020965368451,-0.2423893871470117,0.7176933069364398,1.1684801127155002,-0.3198755967994939,0.6048430107426401,-1.6837038933786346,0.0081472317786591,-0.8577440753083649
-0.6103144281508619,-0.6951306548694569,-0.7438056945779065,-0.6977914203059639,-0.6518903399192647,-0.7295856577965941,-0.774788647484005,-0.3913712618987769,-0.4023086896546804,-0.5858974869411472,-0.0830489466738471,-0.3397783191447746,1.956812894042958,-0.3826072873368755,1.2969007534361434
-1.1864545627868264,-0.9337100505524352,-0.9587871248625348,-0.5809204243017438,-0.4830418749486176,-0.5483316822827705,-0.5844026192584568,-1.0299516386721654,1.476699319308871,1.1171273714266432,1.542130207473542,1.4952423565004458,-0.956429215071298,1.7913997998108322,0.8931901052675222
0.34635238037906,0.2291864908168718,0.4218386984902622,0.1123890628494805,0.1151795949282888,0.6212438624783854,0.8481093988679799,0.3055827724636038,0.2136590439160855,0.3949708182013689,0.1634133239155077,-0.1333148045902136,-1.8593041496071967,1.7107159384430342,-1.6573439254798932
0.0614018117985737,0.5434687903892603,0.390931545388833,0.9695692966032268,0.7715046826640903,0.9552968118899228,0.9593810669930984,0.3123322283029918,0.1215637525811886,0.3820227865727086,0.0465709887017687,0.1016591784223036,-1.7430872059346716,0.1670328811451089,-1.3130106125249896
-1.1839834756213543,-1.196077181218899,-1.2417275486588584,-1.0844881309047805,-1.327040733822242,-0.9939126197001692,-1.0129169439058483,0.1421908035960865,0.5103198498303461,-0.0051703216393481,0.2214788132157968,0.0444046565128147,0.9219421468900196,1.625524829934445,0.8788780748377258
-0.7387167291862181,-0.7684283717145651,-0.7644029307708945,-0.7015894153785026,-0.5696546279415585,-0.7698475424783745,-0.8350588635725013,-0.5411213507598522,-0.5168727376373963,-0.5793247148095703,-0.1881132205036781,0.0645325162419079,1.380298284942743,-0.3431268150650343,1.0745469859809718
1.8996891330030656,0.4512899574051786,0.6057766832928788,0.7356902003272223,-0.9666216284774042,-0.3668783889318177,-0.1125639692791675,-0.0465233025848316,-0.4873964676266734,-1.5473935422254756,-0.1728410418853314,-0.8513617542248755,-0.1144765470812364,0.6190633514042303,-1.2755010165594
-1.7157821093994834,-1.481962456023326,-1.582555245552271,-1.3346781128007126,-0.1664923123946348,-0.4441023431052545,-0.628448011157632,-0.5949846524978551,1.0542118277322894,1.825211433160524,1.1982983966900274,0.9730664161436628,-0.3659928870270604,1.2368978124146366,1.4614220042206172
-0.80674334273321,-0.7122660367539251,-0.736703169357193,-0.7596493805673603,-0.8896244959501467,-0.9243008487441496,-0.8956128042172288,1.6660167678111506,-0.4639866437276354,-0.7919753859890275,-0.8488841409375647,-0.6227801236609309,0.0565490828373436,2.005343367042613,-0.6552818757359119
0.7688712036485329,0.4646857294176316,0.4077762066133234,0.796562047308588,0.8962501341567155,0.8258017434838095,0.825213688958704,0.2560822189341012,0.8346618158327564,0.5350560608744036,0.6031455238571433,-0.0163523468463877,-1.7366841996599969,0.1950220386560716,-1.5386712571989478
-0.8482053640722554,-0.7603008191555484,-0.7607583832110978,-0.7589378184998676,-0.8797557729782642,-0.7236037139128972,-0.802906607153023,1.589673508584793,-0.3173306540329448,-0.7323993536387002,-0.605685371154526,-0.571072268494673,0.1691537630409573,1.3114343947401403,-0.6115715220305055
-0.9153439369577184,-0.8877307124581815,-0.9318134467155412,-0.7828134566818753,-0.4339391745800223,-0.4908202466857937,-0.6284271745410979,-1.0935109989649052,1.5184596519365614,1.3851660533401302,1.444778165881674,0.8113430043008275,-0.7933037009169391,1.2031754746205725,1.308969402423544
-0.4949204097211335,-0.6102225646780869,-0.676164933099075,-0.8293956812998092,-0.5854034064856537,-0.7655395947203419,-0.766039388620376,-0.5656459292721555,-0.4395873173555981,-0.6602592424548465,-0.3944726371481027,-0.2396673486352008,1.6327718485327518,-0.3942494927784867,1.2764544074377786
0.4040938243952828,0.8817065858934652,0.7415647676766616,1.0392400616258597,0.893205499633816,0.902952168019318,0.5436183160406173,0.2541574760458185,0.5411091013335589,0.9641974392302692,0.1504988498682593,0.0991821979541513,-1.828942019922895,0.3887935144149134,-1.2870287078406333
-1.543837933557477,-1.64596117308858,-1.6277329586541327,-0.8430794059195885,-0.0709340149117187,-0.0949399297038278,0.0013849147695149,-0.5305821103596178,0.7620081839779907,1.7180234960878609,1.0128477049817943,1.1997950880024788,-0.5031938524403493,1.011965619474518,1.200045815560865
-1.6400115527106147,-1.7157408055059058,-1.725174785476501,-1.101711847272162,0.0135327607317607,-0.161524169527929,0.0244036317017711,-0.3962344141557899,0.8176021138689461,0.7431724434198077,1.2223599908135787,1.1648311285363722,-0.6707044637796253,0.6241261821628663,0.8429867497937469
0.8969141315618275,0.8368008394794684,0.8218110621266771,0.4286020405193214,0.7911613057793532,1.0969300371389938,0.9655437670883108,0.3490632690345577,0.1658413549353743,0.4562634491870999,0.3531437095144792,0.0305666409118861,-1.7752605217194244,0.2584095663111418,-1.466213387888817
0.5152789934446073,0.2139098960521959,0.686652551624911,1.6106239364958583,0.9881407470321522,0.5659924034763563,0.4548247869432789,-0.2262424682919754,0.7051338757222723,0.563490772291766,0.3030356330675536,0.0588272765960674,-1.7886610275911288,1.1497643339749115,-0.8750123810407091
1.357184034186831,0.9747573722233984,0.9026373549670472,1.3100861430680562,1.3337666902145084,0.9184936221916988,0.6910070347789983,-1.729758040484756,-0.3136789883011832,0.8514123690160421,0.8769496205004707,0.5778636907419851,-0.0724714876544113,-1.7732682247901717,0.5443882401193036
-0.1807078641306833,1.0432798672240922,1.0952948385250507,0.4146902512625582,0.7078000812560628,0.9896212924087604,0.8563852707234115,0.6533612845886727,-0.1486579880218251,1.0418668165165688,0.3347272009527254,0.7070687288769414,-1.6944163810326889,0.2183285648204243,-1.5331299332384791
0.9485462736971196,0.7504365668393284,0.6605264687635128,1.2857882131826288,0.8673928007059921,0.7344013932359693,0.8218938132794249,0.4393259888656675,0.1508302894341131,0.4455251623005075,0.3172182085730644,0.2287293041281073,-2.0528540692995447,0.1823822640463004,-1.523880070063152
-0.4935859374446588,-0.813445041603334,-0.7650206656849972,-0.8868018385983472,-0.6252543389215661,-0.7781435410353869,-0.7129754054677377,-0.6966316879880234,-0.6406939342474873,-0.4931757933948069,-0.4176367650389753,-0.0311467553634175,1.6803848103997516,-0.5233398658008518,1.4129967208840764
0.5414416046763715,1.0364606384208757,0.9116003455290216,1.0345576819841005,0.1904191074564809,0.9795097185152072,0.8173445902027314,0.4938513333227196,0.4029054884129562,0.4506268378433946,0.4477999119751372,-0.0106768324914886,-1.939544624864994,0.2834180269960635,-1.368336243705858
1.993236789161823,1.3483560066988671,1.4400621390703343,0.9045580130206278,-0.3305364702670268,0.2061221326483402,0.4524749002367749,-1.580042368412962,0.0881131362896069,-0.05495547026801,-0.1524911505046196,0.3730383976613062,0.1999290067110848,-1.2343924700419673,0.0588797355576092
-0.7997259731021555,-0.6685522675000771,-0.6447846242688973,-0.7297847577734982,-0.9074519300706388,-0.9011312988770644,-0.922026788377292,1.9764663558050133,0.462819656031374,-0.8988231279542543,-0.7843067869377811,-0.590990032333701,0.2581754877123742,1.5287163767789873,-0.6100509462760515
-1.0151173760273278,-0.9509288282437168,-0.9968612856519896,-0.8497987418708355,-0.6521287830801579,-0.3039657466835968,-0.2186374414798177,-1.0406343663799948,1.3605510588078171,1.7225229723589084,1.1626304040478517,1.15190021082939,-0.7084424367444779,1.312671204274822,1.1266990218198567
-0.9526066317130548,-0.6935874551619888,-0.6958800299248171,-0.8088480172604839,-0.9710151919855002,-0.8436406046520121,-0.7989029748673409,1.7316069600866038,-0.52208889208142,-0.5666522674072074,-0.7021254019696032,-0.7572350768395779,0.6015854464216526,1.7844522522034303,-0.3989486791642422
0.6587413223298331,0.7965047384859518,1.0493455658828468,-0.2177219989104548,-0.7144319775876802,-1.1885050210837846,-1.2746950007324558,-1.148791423193189,0.8547279246052484,0.467063601844751,0.8914777722198923,-0.1104223676942417,-0.8330728955725863,0.6993087768646448,0.1514006587240969
-0.4963721853376087,0.3925066472732426,0.130477000328872,2.095029332660819,-0.955881984902735,1.0651204101744518,1.3120651981558635,-0.6356714155649429,-0.8322116671010874,1.160186507864689,-0.5615923621065325,1.0694904952404576,-0.531224972462893,1.802856750924961,1.6905670314979284
-0.8985488660020985,-0.871115600875668,-0.87630275743345,-0.8956624161937783,-0.9936550890689498,-1.1155863857831387,-1.100283955583184,-0.1828098269872728,-0.7322917482790791,-0.3508348137693945,-0.4327815590168127,-0.4056225254092062,1.7852414559873793,-0.0235548402382783,1.707280185019787
-1.9416913905925728,-2.1994958794197976,-2.2772972412418153,-0.7934167500972709,0.6729801263645512,1.2087482563808156,0.959751484665204,1.2622031475407234,-0.0403140914878619,0.7904976955376111,0.6542547112206224,0.8194637734067778,0.1969473413395935,0.2190622174846839,0.6850187448013758
1.842280930855534,2.1031820215452277,1.9379670617841476,0.9797577339708848,-0.9466290836568022,-0.7473770249430464,-0.5454538601934931,-1.0754725092450683,-0.586067428232316,-0.4898810833131536,-0.3274249997287909,-0.4140564457761114,-0.0336781723189008,-0.5045200859873068,-0.2122242538531538
0.6407025548181129,0.4888694919201264,0.7437035338379153,0.2301603505960653,0.6379092935629924,0.9071612870315842,0.8045782242060907,0.6810050431291219,0.555226877528655,0.3709022603680618,0.0552863963446266,0.1108874171000277,-1.9038631017939456,0.0182715399111041,-1.6432934802500114
0.8701942698327184,0.7701022194218629,0.602125560404528,0.6715583628507631,1.3013615711173292,1.1776044086681143,1.29410030412919,-1.8910499545462809,0.598294928290755,0.5803222995366979,0.5837418091611556,0.4690944628105528,-0.3392011418484793,-1.634734955979493,0.2802118519395752
0.3355177900882031,0.3573804142343892,0.2906450703058323,0.2344030860699844,-1.467180365629658,-1.411865536432838,-1.2244654428474069,-1.6998091773541146,0.9059339161242156,1.1743595953892232,1.3674547663900132,1.0237518931860847,-0.6054281564565754,1.2550160835188566,0.8297310835149315
-1.093551855785604,0.5445984298148803,0.1574414431743276,0.1272798995470665,-0.6804953290846022,0.1853334948542171,-0.5754213033288115,1.0086396804985065,0.3783737633182905,-1.2255512208109671,-1.6094538158632434,-0.8098138313804912,-0.7143294173193038,1.2422244882892624,-2.376823885505029
0.6935177805811709,1.7793599344053057,1.925681022916928,-0.3780684601158834,-0.9534760708528264,-1.4158495447219104,-1.4545221749407111,-0.7181309357275607,-1.5578274233506024,-0.7680754297170139,-0.5991483178667294,-0.7012115325384828,-0.1778816280713684,-1.001409321064602,0.0257645447999325
2.026678525954273,1.3392836366355496,1.7396418613193187,0.8656866880726906,-1.0195309827960854,-0.8935201320746045,-0.8827616247260404,-0.0417099900922246,-0.473703382618187,-0.1629315669977627,-0.8070951390280705,-0.4076942460028269,1.022193816605532,0.822279767179997,-1.1053989026595137
-0.7337474287385817,-0.8224138354965929,-0.783968844381234,-0.6759818422789988,-0.797959629250102,-0.8822853593758734,-0.8105920896635174,1.547194828989057,-0.2862293655214006,-0.5530209118451646,-0.8173564965132866,-0.738121612630201,0.0079055377261514,1.6593060973605984,-0.5385570924670952
1.328439222350028,0.8302662311537512,1.222980234912328,2.314428905223904,-0.4133483041988556,0.4980502230191281,-0.0413160877670132,-2.1249651092765873,0.9715508177491946,-1.2293559515135724,-0.1460150892840629,0.2569005292138909,0.3148869934810481,0.0322172261314417,-0.0201459593080531
2.324226387710961,1.967972237718649,1.718748743343441,1.0718755594716307,-0.7623232309398646,-1.086176892761323,-0.7702309122802015,-0.2377884380699264,-0.1637163517273298,-0.9405367545406672,0.5791491767351573,-1.1559372883298684,-0.3806836110418689,-0.1761194086350488,-0.0637825643067337
0.0860551258221612,0.9146846844873556,1.2174102858152511,1.2129729726255891,0.6486876335280926,-1.0295014684139507,-0.4814034916682297,0.1150833119629545,-0.6054270375854529,-0.7983310750796283,0.1223121027544758,0.1760402953389963,0.919858154876102,-1.9054175890362803,-0.9434917084447448
0.4322669454073787,0.8801460592764718,0.875398535212925,0.0423489961536304,1.4169460488490846,0.8926869243716534,0.3313015568278592,0.2262524465529968,0.715815231430828,0.3126536061541377,-0.5387474669649044,0.6035466240057821,-1.7727753330140277,0.637373745075566,-1.2840136781414018
0.9538539095445244,1.98011785528325,2.402105930082881,0.2657793593374945,-0.7230388221713607,0.2061915805342045,-0.2854122227063329,-1.00263354154597,-0.2866679820215774,-1.0632352719324576,0.0823394957697391,-0.6600811826676144,0.2854854832018533,0.7211764514084674,-0.3078846634317717
0.6759973394151769,0.6864485193987866,0.4711676960455961,0.5201237135775479,-0.089667816175564,1.269927694760498,0.4799808297635556,-0.1788985530620714,0.3936477014195156,-0.163778069876755,1.266466336064827,0.7820685398249527,-1.7535458614963173,-0.4904829203944351,-1.016053164942999
1.8008519914676164,2.1643460109279524,2.283258062162464,0.8416315966512808,-0.5572380798077063,-0.8347109576771378,-0.8307480156490911,-0.7144982715512747,-0.5304552291762434,-1.1158177048274036,-0.1689645251816483,-0.6715496607983772,-0.5833232075610779,-0.5688079292348835,-0.2142606539636847
2.143791805564796,1.9710890238467105,2.078958165699846,0.0939226434239694,-1.3508716946643078,-0.6871519533736449,-1.1305360707280174,-0.5811563104657558,-0.6617238710433716,-1.5970938398794154,-0.7057131742519713,-0.3927211775424925,0.3749465274257001,-0.5044271771348822,-1.499279131319063
0.5798952034403838,0.6197950481601063,0.6411461702039607,1.041566390336648,0.6781711001186768,0.7572677587735873,0.3397175388862741,0.759834081125198,0.6957915815581208,0.5425157088457209,0.1151635403266234,-0.0083448802270622,-2.029980265929165,0.0433567405832151,-1.221495899792178
0.4185460702224616,0.6856767308269586,0.7157174479334396,0.5823845687837018,0.6797194141156183,0.8227803343523099,0.8163254552234255,0.1183876777344466,0.4682159511881131,0.7103544022937837,0.1210020413974185,0.4381111283212572,-1.979392280682508,0.2148051651241002,-1.4604538799283944
-0.979036237857779,-0.9179971265744896,-0.9225175794579374,-0.5485555761723062,-0.4528231792860287,-0.7383581097266116,-0.6472198975278369,-0.9048956862694352,1.0343558855989772,1.6025256199612026,1.2667438947528529,1.3414108651979693,-0.5794023999978481,1.232631029640465,1.37199408358233
1.1067539680085143,0.3257987960557077,0.3744411359959683,0.5470949348243388,0.5559629945128659,0.8117068995078282,0.829489453941556,0.1520162483475735,0.5588244639194893,0.1689730848465801,0.5661398734467702,0.2597125370098804,-2.0963889183860243,0.9359066504751662,-1.227015264311264
0.0039082761339851,0.0056476942638653,0.0061098779831877,0.0131768916382386,0.022447125003804,0.0228417921459821,0.0230783673147977,0.042413154912003,0.0454795888504356,0.0457272367148201,0.0460590876016542,0.0464900672794615,0.0563565426874011,0.0565747891332396,0.0754933881419947
